{"cameraMode":{"drawMode":0,"name":"Shaded","section":"Shading Mode"},"sceneLighting":true,"audioPlay":false,"sceneViewState":{"showFog":true,"showMaterialUpdate":false,"showSkybox":false,"showFlares":true,"showImageEffects":true,"showParticleSystems":true},"in2DMode":false,"pivot":{"x":-0.030071258544921876,"y":-3.353708267211914,"z":0.026317596435546876},"rotation":{"x":-0.13297364115715028,"y":0.8015461564064026,"z":-0.1938677430152893,"w":-0.5497795939445496},"size":120.0311279296875,"orthographic":false}