{"cameraMode":{"drawMode":0,"name":"Shaded","section":"Shading Mode"},"sceneLighting":true,"audioPlay":false,"sceneViewState":{"showFog":true,"showMaterialUpdate":false,"showSkybox":true,"showFlares":true,"showImageEffects":true,"showParticleSystems":true},"in2DMode":false,"pivot":{"x":-0.020400971174240114,"y":0.2401580661535263,"z":-0.018446683883666993},"rotation":{"x":0.002457853639498353,"y":-0.9974445104598999,"z":0.04281480237841606,"w":0.05721214413642883},"size":2.8578836917877199,"orthographic":false}