{"cameraMode":{"drawMode":0,"name":"Shaded","section":"Shading Mode"},"sceneLighting":false,"audioPlay":false,"sceneViewState":{"showFog":true,"showMaterialUpdate":false,"showSkybox":false,"showFlares":true,"showImageEffects":true,"showParticleSystems":true},"in2DMode":false,"pivot":{"x":11.199999809265137,"y":6.300000190734863,"z":0.0},"rotation":{"x":-0.00042656666482798755,"y":-0.9939706921577454,"z":0.10958828777074814,"w":-0.0038700697477906944},"size":2.5480806827545168,"orthographic":false}